blast_profit,targeted_profit,threshold
430700,430700,0.0
430700,491400,0.1
430700,493600,0.2
430700,493280,0.30000000000000004
430700,486020,0.4
430700,482770,0.5
430700,472330,0.6000000000000001
430700,457000,0.7000000000000001
430700,423090,0.8
430700,332060,0.9
