BEST_SCORE,N_SPLITS
0.85245836,5
0.8526875,5
0.8526875,5
0.85245836,5
